Template,Type,Short code,Category,Prior to,Active?,Where it prints,Description (staff),Description (borrower)
LLC Documents,Underwriting,UW,Credit,Submittal,yes,ExternalPrint | InternalPrint,LLC Documents,"
- EIN Letter  - Certificate of Formation - Operating agreement - Recent Certificate of Good Standing (If you do not have this, let us know—we can request it from title.)"
Sale Proceeds,Underwriting,UW,Assets,Approval,yes,ExternalPrint,,Provide a copy of the fully executed HUD-1 Settlement Statement or Closing Disclosure to verify the proceeds from the sale or pending sale of your property. 
Earnest Money Verification,Underwriting,YSCAP,Assets,Docs,yes,ExternalPrint,,Amount of earnest money deposit shown on Closing Disclosure.
Perm/Non-Perm Resident,Underwriting,UW,Miscellaneous,Approval,yes,ExternalPrint,,Provide evidence that borrower is a legal resident of the United States
Appraisal Recertification by the original appraiser,Underwriting,UW,Property,Approval,yes,InternalPrint,Provide recertification of value Form 1004D-Appraisal Update and/or Completion Report,
Tax Returns Sign & Date,Closing,CL,Income,Funding,yes,ExternalPrint,,Borrower(s) to sign and date tax returns
Lock Confirmation- Floating Loan,Underwriting,YSCAP,Miscellaneous,Docs,yes,ExternalPrint,Interest Rate is currently floating.,Interest Rate is currently floating.
Exclusionary List- Appraiser,Underwriting,YSCAP,Property,Docs,yes,ExternalPrint,,Underwriter to check the appraiser against the applicable investor exclusionary list.
VA - Mobilization Info,Underwriting,UW,Income,Approval,yes,ExternalPrint,,Reserve/NG Statement Regarding Income When Mobilized
Certificate of Occupancy,Closing,CL,Property,Closing,yes,ExternalPrint,,Provide certificate of occupancy from municipality.
LPOA,Underwriting,UW,Legal,Approval,yes,ExternalPrint,,"Provide a signed and notarized copy of the Power of Attorney, Statement of Indemnity and Agent's Affidavit."
Bank Statements for Cash to Close and Reserves (x% own funds) - ,Underwriting,UW,Assets,Approval,yes,ExternalPrint | InternalPrint,minimum required % of downpayment and remaining gift funds,"Submit your most recent bank statements with all pages. This is to verify the estimated minimum required assets of $xxxx. And additional $xxxx for reserves. Reserves may be sourced from gift funds however, it will need to be deposited in your bank account before closing.
Remaining Assets - Gift Funds -Please provide the following information for the Donor of the Gift funds. We will prepare a gift letter and send it to you and Donor for Signature Via Docusign; - Name of Donor - Donor Phone Number - Donor Address - Donor's email address - Borrower(s) relationship to Donor - Name of Depository (Name of Bank money will come from) - Account Number - Gift Amount"
Rider – 1-4 Unit,Underwriting,YSCAP,Miscellaneous,Funding,yes,ExternalPrint | InternalPrint,(Only if property type is 1-4 units.),Executed 1-4 unit/Assignment of Leases rider to the security instrument. 
Utility Bill / Proof of Address,Underwriting,YSCAP,Miscellaneous,Docs,yes,ExternalPrint,Deephaven ONLY,"If the address on the borrower's government-issued ID does not match the borrower's primary/mailing address on the 1003, provide a recent utility bill (gas, electric, water, or cable) dated within the last 60 days, in the borrower's name, showing the primary address."
Standard Loan Information,Underwriting,YSCAP,Miscellaneous,Docs,yes,InternalPrint | ExternalPrint,,STANDARD LOAN INFORMATION| Investor____ Program_____| 30 YR FIXED | R/T REFI | 4 UNIT | FICO = 780 | DSCR = 1.35 | MAX LTV = 80% | RESERVES = 3 MONTHS (Additional conditions may apply.)
Assets - Gift Funds - ,Underwriting,UW,Assets,Approval,yes,ExternalPrint,,Please provide the following information for the Donor of the Gift funds. We will prepare a gift letter and send it to you and Donor for Signature Via Docusign: - Name of Donor - Donor Phone Number - Donor Address - 	Donor's email address - Borrower's  relationship to Donor - Name of Depository (Name of Bank money will come from) - Account Number -  Gift Amount
Housing History,Underwriting,YSCAP,Credit,Docs,yes,ExternalPrint | InternalPrint,,"Provide most recent 12 months housing history for lien holder not reporting on credit. Options: 1) Transaction History printout, 2) Mortgage statement(s) showing payment history, 3) 12 months cancelled checks. (If verified on credit, provide credit supplement to confirm all mortgages paid through month of closing.)"
Delayed Financing,Underwriting,YSCAP,Miscellaneous,Docs,yes,ExternalPrint,,Amount of interest in the property as of ________.
Rental Income,Underwriting,YSCAP,Income,Docs,yes,ExternalPrint,,Provide rental/lease agreement for subject property.
Rental/Lease Agreement,Underwriting,UW,Income,Approval,yes,ExternalPrint,,Provide a signed rental/lease agreement for (address) to confirm rental income. 
Cash Out Limitation (R&T),Underwriting,YSCAP,Legal,Funding,yes,ExternalPrint,Update per investor at each review,"Cash out to borrower(s) cannot exceed ________% or $________, whichever is less"
Derogatory credit LOE,Underwriting,UW,Credit,Approval,yes,ExternalPrint,,Provide an explanation for the derogatory credit indicated on the credit report.
Profit & Loss/Balance Sheet,Underwriting,UW,Income,Approval,yes,ExternalPrint,,Provide a signed year to date profit and loss statement and balance sheet for (business name) to verify income. 
Invoices,Underwriting,YSCAP,Miscellaneous,Funding,yes,ExternalPrint,,"Examples of invoices: Appraisal fees, Hazard Insurance, , etc."
QC Condition,Underwriting,YSCAP,Miscellaneous,Docs,yes,ExternalPrint,,QC review required by management.
Flood Certificate,Underwriting,YSCAP,Property,Docs,yes,InternalPrint | ExternalPrint,To obtain flood certificate to indicate if property is in a flood zone,Lender to obtain Life of Loan flood certificate to indicate if property is in a flood zone
USDA - RD 3555-18 Conditional Commitment,Underwriting,UW,Miscellaneous,Approval,yes,InternalPrint,Approval and issuance of completed RD 3555-18 Conditional Commitment required with no outstanding conditions,
Survey,Closing,YSCAP,Property,Docs,yes,InternalPrint | ExternalPrint,Surveys are subject to review prior to Closing. There can be no survey exceptions on the Final Title Policy. ,"Provide Survey or Plat Map. When survey is not customary, title must provide ALTA 9 endorsement in the absence of a survey when a survey is customary Or email confirm of survey exception ."
Escrow Holdback,Underwriting,YSCAP,Property,Funding,yes,ExternalPrint,,Attorney to return $ <<escrowed.amount>> to be held from the <<sellers.or.applicants>> funds. Escrow Holdback Agreement to be signed at closing for the following items <<>> to be completed by MM/DD/YYYY.
Coop Insurance Certificate,Underwriting,UW,Property,Approval,yes,ExternalPrint,,"Current Insurance certificate showing all coverage and limitations (100% Building Replacement, General Liability with Bodily Injury, $1,000,000)  Association or all unit owners to be shown as insured."
Cash out Limit,Underwriting,YSCAP,Miscellaneous,Docs,yes,ExternalPrint,,Max Cash out: 
USDA - Confirm Property Eligibility,Underwriting,UW,Property,Approval,yes,InternalPrint,Obtain determination from USDA that subject property is geographically eligible for USDA program.GUS unable to determine.,
Pay Stubs,Underwriting,UW,Income,Approval,yes,ExternalPrint,.,Provide copies of the most recent pay statements for the last 30 days 
Flood Insurance Escrow Required,Underwriting,YSCAP,Property,Docs,yes,ExternalPrint,,The property is in a flood zone — flood insurance escrow required.
Sales Contract - ,Preliminary,UW,Property,Submittal,yes,ExternalPrint,,Fully executed sales contract including all addendums
Lock Expiration,Underwriting,YSCAP,Miscellaneous,Funding,yes,ExternalPrint,,Loan documents may not be dated beyond lock expiration date.
Proof of Primary Address - ,Underwriting,UW,Credit,Approval,yes,ExternalPrint | InternalPrint,,"Please provide documentation verifying your primary address, can be utility bill or any form of ID."
Collect Verification of Mortgage (VOM),Underwriting,UW,Credit,Approval,yes,InternalPrint,,
Inquiries LOE,Underwriting,UW,Credit,Approval,yes,ExternalPrint,,Provide signed letter of explanation to explain the credit inquiries shown on the borrower's credit report
Building Permit (or Description of Materials),Underwriting,UW,Property,Approval,yes,ExternalPrint,,Provide building permit issued by local governing authority
Appraisal – 1073 Condo,Underwriting,YSCAP,Property,Docs,yes,ExternalPrint,Appraisal – 1073 Condo,"Appraisal report on FNMA form 1073 Condo report with XML, AIR, SSRs, License, E&O, and rental addendum (if applicable). Do NOT add the 1004 SFR condition if this applies."
SSN Verification,Underwriting,YSCAP,Credit,Docs,yes,ExternalPrint,Deephaven ONLY,Provide a legible copy of the Social Security card OR an executed SSA-89 (Authorization for the Social Security Administration to Release SSN Verification) for each borrower on the loan.
Retirement/Pension,Underwriting,UW,Income,Approval,yes,ExternalPrint,,"Provide copies of the most recent retirement/pension income statements for all borrowers receiving retirement/pension income. If the retirement income is from a monthly distribution, the most recent asset statement is also required."
Tax Transcripts,Underwriting,UW,Income,Approval,yes,ExternalPrint | InternalPrint, 2 years' transcripts from the IRS must be reviewed by the Underwriter, 2 years' transcripts from the IRS must be reviewed by the Underwriter
Septic Inspection,Underwriting,UW,Property,Approval,yes,ExternalPrint,,Must meet state/municipal standards
VA - Community Well Facility,Underwriting,UW,Property,Approval,yes,ExternalPrint,,Provide verification of approval for the community well facilities by the appropriate state or local public utility and health authorities.
Verification of Mortgage (VOM) - Subject property - ,Underwriting,UW,Credit,Approval,yes,ExternalPrint | InternalPrint,,"Please request a VOM from your bank confirming on-time payments. If your bank has a specific email address to submit the request, feel free to share it and we’ll send the request directly. (Note: This may take some time to receive, so we recommend reaching out to your bank as soon as possible.)"
Bank Statements,Underwriting,YSCAP,Assets,Approval,yes,ExternalPrint,Large or irregular deposits may require additional documentation. Check Guidelines for each investor,Provide all pages of bank statements for a ___ month period.  
MIC / LGC,Post-Closing,PC,Miscellaneous,Purchase,yes,ExternalPrint | InternalPrint,Mortgage Insurance Certificate / Loan Guaranty Certificate,Mortgage Insurance Certificate / Loan Guaranty Certificate
VOD - Verification of Deposit,Underwriting,UW,Assets,Approval,yes,ExternalPrint | InternalPrint,Provide written verification of deposit evidencing a minimum of $_______  available.  Prove source of any large increases in average balance.,Provide written verification of deposit evidencing a minimum of $_______  available.  Prove source of any large increases in average balance.
Order CDA,Underwriting,UW,Property,Approval,yes,InternalPrint,,
"FHA/V.A - Builder's Cert of Plans, Specs & Site",Underwriting,UW,Property,Approval,yes,ExternalPrint,,"FHA/V.A. Builder's Certification of Plans, Specifications & Site"
VA - Repairs Completed,Underwriting,UW,Property,Approval,yes,ExternalPrint,,Provide evidence that all required repairs have been completed and certified by the appraiser.
Change of Circumstance (COC),Underwriting,YSCAP,Miscellaneous,Docs,yes,ExternalPrint,,"Provide all required Change of Circumstance (COC) documentation supporting any changes to APR, fees, loan terms, loan amount, or borrower-paid items. Re-disclosure must be issued and acknowledged within compliance timing prior to closing."
Alimony/Child Support,Underwriting,UW,Income,Approval,yes,ExternalPrint,,Provide a copy of the written legal agreement or court decree stating the terms of the child support or alimony income.  Also provide copies of six months bank statements or canceled checks to verify receipt.
DocuSign Package - ,Underwriting,UW,Miscellaneous,Approval,yes,ExternalPrint | InternalPrint,,A DocuSign folder has also been sent separately. Please review and sign all documents included.
Bankruptcy,Underwriting,YSCAP,Credit,Docs,yes,ExternalPrint,,Provide documentation verifying the bankruptcy terms and satisfied/discharge dates.
Liens Against Subject Property,Closing,CL,Property,Closing,yes,ExternalPrint,,Provide evidence that all liens against subject property have been paid in full.
Second Appraisal Required,Underwriting,UW,Property,Approval,yes,ExternalPrint | InternalPrint,Additional appraisal is required to process this application for approval. An appraiser will be in contact with the borrower to schedule an appointment in order to complete the required appraisal on the subject property.,Additional appraisal is required to process this application for approval. An appraiser will be in contact with the borrower to schedule an appointment in order to complete the required appraisal on the subject property.
AHL Appraisal,Underwriting,YSCAP,Property,Docs,yes,ExternalPrint | InternalPrint,,"Appraisal report on FNMA form 1004|1025/SFR/PUD report with XML, AIR, SSRs, License, E&O, and rental addendum (if applicable). (If Condo – use 1073; do not add this condition.) Appraiser to provide 1007 rent schedule.Provide proof of delivery of appraisal report and any subsequent appraisal to borrower. If delivered electronically, record of borrower e-consent must be on file. If closing in the name of a LLC the appraisal to be in the name of the entity."
Title Endorsements Required,Underwriting,UW,Property,Approval,yes,ExternalPrint | InternalPrint,The following endorsements are required on the title policy:,The following endorsements are required on the title policy:
Occupancy Affidavit,Underwriting,YSCAP,Miscellaneous,Funding,yes,ExternalPrint | InternalPrint,,Occupancy Affidavit to be completed and signed by all borrowers.
Contacts confirmation - ,Preliminary,Pre,Miscellaneous,Submittal,yes,ExternalPrint | InternalPrint,"Title, Insurance contacts",Please confirm your preferred title company and provide your insurance agent’s contact information
Retirement Account Withdrawal Terms,Underwriting,UW,Assets,Approval,yes,ExternalPrint,,Provide documentation verifying the terms for withdrawals from the retirement account.
Stock Statements,Underwriting,UW,Assets,Approval,yes,ExternalPrint,,"Provide the most recent stock or bond brokerage statement to verify assets required for down payment, closing costs, and/or reserves. If the funds will be used for down payment or closing costs, additional documentation may be required."
Appraisal,Underwriting,YSCAP,Property,Docs,yes,InternalPrint | ExternalPrint,,"Appraisal report on FNMA form 1004|1025/SFR/PUD report with XML, AIR, SSRs, License, E&O, and rental addendum (if applicable). (If Condo – use 1073; do not add this condition.) Appraiser to provide 1007 rent schedule.Provide proof of delivery of appraisal report and any subsequent appraisal to borrower. If delivered electronically, record of borrower e-consent must be on file."
Rate and Term Benefit,Underwriting,YSCAP,Miscellaneous,Docs,yes,ExternalPrint,Oaktree ONLY,Net tangible benefit form to be completed.
Insurance Agent Contact - ,Underwriting,UW,Miscellaneous,Approval,yes,ExternalPrint | InternalPrint,,Please provide your insurance agent’s contact information.
1099 Statements,Underwriting,UW,Income,Approval,yes,ExternalPrint,,Provide copies of 1099s for previous 2 years
VA - Live and Well Statement,Underwriting,UW,Miscellaneous,Approval,yes,ExternalPrint | InternalPrint,Provide a Live and Well statement.,Provide a Live and Well statement.
Business Purpose Affidavit,Underwriting,YSCAP,Miscellaneous,Funding,yes,ExternalPrint,,Business Purpose Affidavit – Required on all Business Purpose loans.
Collect Insurance documentation ,Underwriting,UW,Property,Approval,yes,InternalPrint,"Proof of Insurance, Invoice and RCE when applicable",
USDA - Appraiser Certification Required,Underwriting,UW,Property,Approval,yes,InternalPrint,Appraiser to certify on page 3 that property meets the requirements of HUD handbooks 4905.1 and 4150.2,
K1(s),Underwriting,UW,Income,Approval,yes,ExternalPrint,,Provide K1(s) 
Cash out LOE,Underwriting,YSCAP,Miscellaneous,Docs,yes,ExternalPrint | InternalPrint,,Provide a signed and dated letter of explanation detailing the purpose for the cash-out proceeds.
Housing History through Closing (Investor Specific)VOR,Underwriting,YSCAP,Credit,Docs,yes,ExternalPrint | InternalPrint,Remove if no VOR is required,"Provide proof rent has been paid current through closing with any of the following: Bank statement showing cleared, cancelled checks or VOR."
Final Fraud Report,Underwriting,YSCAP,Miscellaneous,Docs,yes,ExternalPrint | InternalPrint,,Processor to provide final fraud report to include all loan participants.
LOE Address Variations,Underwriting,YSCAP,Miscellaneous,Docs,yes,ExternalPrint | InternalPrint,,Provide signed and dated letter of explanation for address variations. (Only if variations show on the credit report or documentation.)
Verification of Rent,Underwriting,UW,Credit,Approval,yes,ExternalPrint,,Provide copies of the most recent 12 months cancelled checks to landlord for rent paid on current residence to evidence a satisfactory payment history.
Seller Contribution,Underwriting,YSCAP,Miscellaneous,Funding,yes,ExternalPrint,,"Seller contribution cannot exceed ____% ($__________).
"
Identification,Underwriting,YSCAP,Credit,Docs,yes,ExternalPrint | InternalPrint,Government-issued ID,Unexpired Government-issued ID
Amendatory Clause,Closing,CL,Miscellaneous,Funding,yes,InternalPrint | ExternalPrint,,FHA Amendatory Clause signed and dated by all parties
Vesting – Individual,Underwriting,YSCAP,Miscellaneous,Funding,yes,InternalPrint,,Borrower(s) closing in individual name(s). Confirm vesting language on deed and note matches 1003.
Trust Funds,Underwriting,UW,Assets,Approval,yes,ExternalPrint,,Provide a one month statement to verify trust fund assets. Trust documentation to verify access to trust funds.
Trust Documents,Underwriting,UW,Legal,Approval,yes,ExternalPrint,,Provide a copy of the trust documents.
USDA - Site Value,Underwriting,UW,Property,Approval,yes,ExternalPrint | InternalPrint,"Site value cannot exceed 30% of total appraised value. If site value exceeds 30%, appraiser must confirm a site value over 30% is typical for the area and that property cannot be subdivided and value limitation exception must be approved by USDA.","Site value cannot exceed 30% of total appraised value. If site value exceeds 30%, appraiser must confirm a site value over 30% is typical for the area and that property cannot be subdivided and value limitation exception must be approved by USDA."
Final Inspection For Completion Per Specs And Plans,Underwriting,UW,Property,Approval,yes,ExternalPrint,,Final Inspection For Completion Per Specs And Plans
Appraisal Expires,Underwriting,UW,Property,Approval,yes,InternalPrint,Provide recertification of value Form 1004D-Appraisal Update and/or Completion Report,
Termite/Pest Inspection,Underwriting,UW,Property,Approval,yes,ExternalPrint,,Termite/Pest Inspection
Flood Insurance Evidence w/ Paid Receipt,Underwriting,YSCAP,Property,Docs,yes,ExternalPrint,,Provide evidence of flood insurance
VA - Disability Award Letter,Underwriting,UW,Income,Approval,yes,ExternalPrint,,Current award letter for VA disability
Bank Statements for Cash to Close and Reserves - ,Underwriting,YSCAP,Assets,Docs,yes,ExternalPrint | InternalPrint,Assets - Cash to clsoe and reserves: amount. Review Per investor,Submit your most recent bank statements with all pages. This is to verify the estimated required assets of ________ (comprised of $____ cash to close and $_____ reserves).  Gift funds may not be used for reserves.
Letter of Explanation - Credit Inquiries on credit - ,Underwriting,UW,Credit,Approval,yes,ExternalPrint | InternalPrint,,Please advise the reason for the following credit inquires reflecting on your credit report DAtexxx -  inquirycrednamexxxx; DAtexxx - inquirycrednamexxxx; DAtexxx - Inquirycrednamexxxx
VOE - Verification of Employment,Underwriting,UW,Income,Approval,yes,ExternalPrint | InternalPrint,Provide a written VOE to show a breakdown of (type) income.,Provide a written VOE to show a breakdown of (type) income.
FHA - Warranty Of Completion Form 92544 Signed,Closing,CL,Property,Closing,yes,ExternalPrint,,FHA Warranty of Completion Form 92544 signed by builder and borrower
Verification of Mortgage Subject propert -  Credit supplement - ,Underwriting,UW,Credit,Approval,yes,ExternalPrint | InternalPrint,,We will need 12 months of mortgage payment history for the subject property. Our credit verification company will contact you shortly and will connect with your bank to confirm payment history. Please expect a verification phone call for this process.
"Construction Contract, Plans, and Specs",Underwriting,UW,Property,Approval,yes,ExternalPrint,,"Provide fully executed building contract, plans, specs, and itemization costs."
Credit- LOE Inquiries,Underwriting,YSCAP,Credit,Docs,yes,ExternalPrint,Oak Tree ONLY,Borrower to provide a letter of explanation on all credit inquiries in the past  120 days. 
Payoff,Underwriting,YSCAP,Credit,Docs,yes,ExternalPrint,,Provide current payoff statement(s) with a date good through the date of closing/funding for the mortgage account(s) to be paid with this transaction. Account: ____________________________________ Acct#____________ 
Property Review,Underwriting,YSCAP,Property,Docs,yes,InternalPrint,,Underwriter to confirm the property is not unique in structure and the value is not overstated or unsupported.
CDA order - Credit card information and authorization - ,Underwriting,UW,Property,Approval,yes,ExternalPrint | InternalPrint,,We need to order a secondary review on the appraisal. Price per file is aprox $92. Please provide authorization to charge your credit card on file or provide a new card  to place the order
Gift Letter,Underwriting,UW,Assets,Approval,yes,ExternalPrint,,"Provide a signed gift letter. The letter must state; the amount of the gift, funds do not need to be repaid, the donor's name, address, phone number and the relationship to recipient."
VOM-Subject,Underwriting,YSCAP,Credit,Docs,yes,ExternalPrint,,Provide a verification of mortgage for the mortgage secured against the subject property. 
Request appraisal update ,Underwriting,UW,Property,Approval,yes,InternalPrint,Per underwriter's notes,
Vesting – LLC / Corporation- Borrower Certificate,Underwriting,YSCAP,Miscellaneous,Docs,yes,ExternalPrint,,Obtain a fully executed Multi-Member Borrower Certificate when the operating agreement does not clearly grant signing authority or when no authorization amendment is provided.
AKA Affidavit,Underwriting,YSCAP,Miscellaneous,Funding,yes,InternalPrint | ExternalPrint,"(Only if variation shows on the credit report, fraud report, or any documentation.)","To be completed for all borrowers, non-obligated spouses, and/or non-obligated co-owners."
Lock Confirmation- Locked Loan,Underwriting,YSCAP,Miscellaneous,Docs,yes,ExternalPrint,,"Interest Rate is currently locked. Provide investor lock confirmation. Underwriter to review and confirm lock, DSCR, PPP, all match up at final CTC. If not loan will be subject to new pricing."
Lease Agreement(s) ,Underwriting,UW,Property,Docs,yes,ExternalPrint | InternalPrint,,Please provide the lease agreement(s) for subject property
Verification of Mortgage All Mortgages on Credit -  Credit supplement - ,Underwriting,UW,Credit,Approval,yes,ExternalPrint | InternalPrint,,We will need 12 months of payment history for all mortgages reflecting on your credit report. Our credit verification company will contact you shortly and will connect with your bank to confirm payment history. Please expect a verification phone call for this process.
VA - Cash On Hand,Underwriting,UW,Assets,Approval,yes,ExternalPrint,,Provide documentation to verify available cash on hand used for closing and an explanation regarding the source. 
Title Estimated HUD / Pre-CD,Underwriting,YSCAP,Miscellaneous,Funding,yes,ExternalPrint | InternalPrint,,"Title to provide estimated HUD or Pre-CD to include all closing agent/title agent, and lender fees."
DSCR – Minimum Ratio 1.00,Underwriting,YSCAP,Income,Docs,yes,ExternalPrint,,Final DSCR must be 1.00 or greater.
Verification of Mortgage Primary Housing -  Credit supplement - ,Underwriting,UW,Credit,Approval,yes,ExternalPrint | InternalPrint,Credit supplement Primary housing,We will need 12 months of mortgage payment history for your primary residence. Our credit verification company will contact you shortly and will connect with your bank to confirm payment history. Please expect a verification phone call for this process.
Condo Project Approval,Underwriting,YSCAP,Property,Docs,yes,ExternalPrint,,"Condominium Project must meet Program Requirements. Condo review will be completed upon receipt of all required Condo documents, Appraisal, title, and HO6."
Short Sale Approval,Underwriting,UW,Property,Approval,yes,ExternalPrint,,Provide evidence of short sale approval
Personal Tax Returns,Underwriting,UW,Income,Approval,yes,ExternalPrint,,Provide signed and dated returns with all pages and schedules
Divorce Decree / Child Support Order,Underwriting,UW,Legal,Approval,yes,ExternalPrint,,Provide Copy Of Recorded Final Divorce Decree and/or Child Support Order
Seller Affiliation Letter - ,Underwriting,UW,Property,Approval,yes,,Purchase - LOE Affiliation with seller,Please sign the  letter confirming you are not affiliated with the seller
Appraisal Order - ,Preliminary,Pre,Property,Submittal,yes,ExternalPrint | InternalPrint,Credit card info,Please provide credit card information
Verification of Rent (VOR) - ,Underwriting,UW,Credit,Approval,yes,ExternalPrint,VOR,"We need your property management company to complete a VOR form. Please send us the following: - Name, phone number, and address and Email address of the management company collecting rent for your primary housing"
Credit – Housing History VOR,Underwriting,YSCAP,Credit,Docs,yes,ExternalPrint,,Provide most recent 12 months rental housing history. Options: 1) Third Party VOR or Private Party VOR with 12 months cancelled checks to support ontime payments. (Must document that it has been paid through the month of closing.)
Addendum(s) To Purchase Contract,Underwriting,UW,Property,Approval,yes,ExternalPrint,,Provide a signed addendum to the purchase contract.
Title Vesting,Closing,YSCAP,Miscellaneous,Funding,yes,InternalPrint | ExternalPrint,Title must be vested in borrower(s) individual names and not in a trust,"Vesting is approved as follows: ________.
"
Business Tax Returns,Underwriting,UW,Income,Approval,yes,ExternalPrint,,"Provide the last two years signed and dated business tax returns including all pages and schedules, for any business with 25% or greater ownership."
PMI Cert ,Underwriting,UW,Miscellaneous,Approval,yes,ExternalPrint | InternalPrint,Mortgage insurance will be required based on down payment or equity in the subject property at less than 20%.,Mortgage insurance will be required based on down payment or equity in the subject property at less than 20%.
Gift Receipt,Underwriting,UW,Assets,Approval,yes,ExternalPrint,,Provide evidence borrower is in receipt of gift funds
COG,Underwriting,YSCAP,Miscellaneous,Docs,yes,ExternalPrint,Oak Tree ONLY,COGS required Always even if it's a newly created entity
VVOE - Verbal Verification of Employment,Closing,CL,Income,Funding,yes,InternalPrint,Verbal Verification of Employment must be obtained 5 days prior to funding the loan.  Closing to obtain employer contact information independently from documentation that is in file,Verbal Verification of Employment must be obtained 5 days prior to funding the loan.  Closing to obtain employer contact information independently from documentation that is in file
Vacant unit(s) - ,Underwriting,UW,Property,Approval,yes,ExternalPrint | InternalPrint,,Please provide Proof that the units are actively listed for rent.
Verification of Improvements (<6 Mo Seasoning),Underwriting,YSCAP,Property,Docs,yes,,Underwriter to confirm improvements support the appraised value increase.,"If the subject property has less than 6 months of ownership seasoning from the acquisition date, provide documentation verifying improvements / rehab work completed since acquisition: itemized scope of work, paid contractor invoices and receipts, copies of permits (where required), and before/after photos. "
Condo Review Documentation,Underwriting,YSCAP,Property,Docs,yes,ExternalPrint,This property is located in a condominium project.  Order Condo Docs,"Full review: HOA/Condo questionnaire, annual budget, balance sheet dated within 90 days, Master Insurance Policy (Property, Liability, Fidelity Coverage and Loss Payee), Appraisal, CC&Rs and any amendments, Bylaws. May be subject to additional documentation upon review."
USPS,Underwriting,YSCAP,Property,Docs,yes,ExternalPrint | InternalPrint,,USPS look-up for address and zip code for the subject property.
USDA - Form RD 3555-21 Signatures Required,Closing,CL,Miscellaneous,Funding,yes,ExternalPrint | InternalPrint,Borrower and Lender to sign all required USDA forms (Form RD 3555-21) as needed for submission to USDA,Borrower and Lender to sign all required USDA forms (Form RD 3555-21) as needed for submission to USDA
Picture ID w/ Social Security Number,Underwriting,UW,Miscellaneous,Approval,yes,ExternalPrint,,Picture ID w/ Social Security Number
VA - Child Care Letter,Underwriting,UW,Legal,Approval,yes,ExternalPrint,,Child care letter signed by provider documenting actual child care cost
Appraisal Field Review,Underwriting,UW,Property,Approval,yes,InternalPrint,Appraisal Field Review To Be Ordered.  Field Reviewer Must Not Be Related To Appraiser,
Max PITIA,Underwriting,YSCAP,Miscellaneous,Docs,yes,ExternalPrint | InternalPrint,,PITIA cannot exceed: $________.
Request verifcation of Rent,Underwriting,UW,Credit,Approval,yes,InternalPrint,,
Final Inspection,Underwriting,UW,Property,Approval,yes,ExternalPrint,,A certification of completion is required to verify the home improvements have been completed.
Collect Title commitment and related title documents,Underwriting,UW,Property,Approval,yes,InternalPrint,,
Homeowner's Insurance Policy,Underwriting,YSCAP,Property,Docs,yes,ExternalPrint,,"Homeowner's hazard insurance policy or dec page with correct mortgagee clause to include adequate coverages and deductible, with minimum of 3 months continued coverage. It must also have evidence of rent loss coverage equal to 6 months rental income and liability coverage for a minimum of $100,000. Mortgagee Clause to read: YS Capital Group, ISAOA/ATIMA 5 New Montrose Avenue, #Bsmt Brooklyn, NY 11211. (Proof Hazard Premium is paid in full prior to funding. Any Hazard premium balance can be paid at closing.)"
Private Road Maintenance Agreement,Underwriting,UW,Property,Approval,yes,ExternalPrint,,Provide evidence that the Private Road or Common-Use Driveway is protected by a recorded permanent easement or recorded right-of-way from the property to a public road and that a provision exists for it s continued maintenance.
Earnest Money Deposit,Underwriting,YSCAP,Assets,Docs,yes,ExternalPrint | InternalPrint,Earnest Money Deposit verification,"Provide a copy of earnest money deposit check/wire receipt and corresponding asset statement showing proof of funds, along with a receipt from escrow/closing agent/attorney."
USDA - Pool Requirement,Underwriting,UW,Property,Approval,yes,ExternalPrint | InternalPrint,No swimming pools allowed on property (unless USDA specific requirements are met).,No swimming pools allowed on property (unless USDA specific requirements are met).
Funds to Close: Max,Underwriting,YSCAP,Miscellaneous,Funding,yes,ExternalPrint,,Max Funds to Close:__________________. **Total Liquid Verified for Cash to Close:**__________________. Verified for Reserves:$__________________
Final Title Policy,Post-Closing,PC,Legal,Purchase,yes,ExternalPrint | InternalPrint,Final Title Policy,Final Title Policy
SSN Verification - ,Underwriting,UW,Credit,Approval,yes,ExternalPrint | InternalPrint,,Please provide a copy of your Social Security Card
Appraisal – Review,Underwriting,YSCAP,Property,Docs,yes,InternalPrint | ExternalPrint,Investor Oak Tree or AHL- Required. They require a CDA regardless of SSR- Update,Obtain SSRs for Fannie Mae's Collateral Underwriter (CU) and Freddie Mac's Loan Collateral Adviser (LCA). If risk score is not available or greater than threshold then a CDA is required. 
VA - Statement of Military Service,Underwriting,UW,Income,Approval,yes,ExternalPrint,,Provide a Statement of Military Service.
Collateral  Second Level Required,Underwriting,YSCAP,Property,Docs,yes,InternalPrint,Must be Reviewed by: ACooper and then her write up is to be sent to Esther Bochner | [contact redacted] — Final sign-off escalates to management as needed.She will escalate to President for review. ,Appraisal value must be reviewed for accuracy. Reviewer to verify purchase date and previous purchase price against public records to confirm the rider is completed correctly. Any appraisal value exceeding 145% of the previous purchase price must follow the escalation route for final sign-off. 
Verification of Mortgage Subject property and Primary housing-  Credit supplement - ,Underwriting,UW,Credit,Approval,yes,ExternalPrint | InternalPrint,Credit supplement,We will need 12 months of payment history for both the subject property and your primary residence. Our credit verification company will contact you shortly and will connect with your bank to confirm payment history. Please expect a verification phone call for this process.
Gift Funds,Underwriting,UW,Assets,Docs,yes,ExternalPrint,,"If any portion of funds to close is being gifted, provide: (1) executed gift letter showing donor name, donor relationship, gift amount, and confirming no repayment is required; (2) proof of donor ability to gift (donor asset statement showing sourced funds); and (3) proof of transfer of gift funds from donor to borrower (or directly to title at closing). Borrower must also meet the minimum borrower own-funds contribution toward down payment / cash to close per investor matrix."
Mortgage Statements - ,Underwriting,UW,Credit,Approval,yes,ExternalPrint | InternalPrint,All Mortgages on Credit report,Please provide your Mortgage Statement for all Mortgages reflecting on your credit report. creddxxx acc#xxxx
VA - Certificate of Eligibility,Underwriting,UW,Miscellaneous,Approval,yes,ExternalPrint,,Certificate Of Eligibility Documenting Full Entitlement
"Proof Collections, Judgments, etc are paid",Underwriting,UW,Assets,Approval,yes,ExternalPrint,,Supporting documentation as evidence there are no open collections/judgements
Max Cash to Close,Underwriting,YSCAP,Miscellaneous,Funding,yes,ExternalPrint | InternalPrint,,Maximum cash to close $________. If additional cash is required the loan file must be re-underwritten prior to funding showing sufficient assets to close.
W2's,Underwriting,UW,Income,Approval,yes,ExternalPrint,,Provide copy of W2's for the past 2 years
VA - Nearest Relative,Underwriting,UW,Legal,Approval,yes,ExternalPrint,,"Veteran To Provide Name, Address, Telephone Number & Relationship For Nearest Living Relative.  Statement Must Be Signed By Veteran"
Vesting – LLC / Corporation,Underwriting,YSCAP,Miscellaneous,Docs,yes,ExternalPrint,,"Provide: Articles of Organization/Incorporation, Operating Agreement/Bylaws, EIN confirmation, Resolution/Authorization from entity authorizing loan and identifying authorized signatory. All members/managers with ______%+ interest must be identified."
Seasoning Requirement - ,Underwriting,UW,Property,Approval,yes,ExternalPrint | InternalPrint,under 6 months - prove costs and improvements,"Please Provide a copy of the Closing Disclosure (CD)  and Appraisal from the original purchase.
Please provide Scope of work to prove imporovements"
Credit Supplement,Underwriting,UW,Credit,Approval,yes,InternalPrint | ExternalPrint,Lender to obtain satisfactory credit supplement,Lender to obtain satisfactory credit supplement
REO Section,Underwriting,YSCAP,Credit,Docs,yes,ExternalPrint,Oak Tree ONLY,"Provide updated 1003 with REO section completed in its entirety (including the Taxes, Insurance, HOA info) for the primary residence and provide a LOE language. Provide an LOE confirming that all expenses are escrowed and included in the attached mortgage payment, and that there is no HOA on any of the properties."
RCE,Underwriting,YSCAP,Miscellaneous,Docs,yes,ExternalPrint,Oak Tree ONLY,Provide a replacement cost estimator for all loans. 
Mortgage Statement - ,Underwriting,UW,Credit,Approval,yes,ExternalPrint | InternalPrint,Primary housing,"Please provide your most recent mortgage statement for Your primary housing mortgage, credxxx acc #xxxx"
Order credit supplements,Underwriting,UW,Credit,Approval,yes,InternalPrint,as needed,
Seller Contribution,Closing,CL,Assets,Closing,yes,ExternalPrint,,Seller contribution cannot exceed  ____ %  ($__________________)
Evidence Loan is Paid Off,Closing,CL,Credit,Funding,yes,ExternalPrint,,Provide documentation verifying the following lien(s) has been paid in full and released. (                                )
USDA - GUS/Ratio Restrictions,Underwriting,UW,Income,Approval,yes,InternalPrint,GUS (Guaranteed Underwriting System) Approval required or max ratios cannot exceed 29/41%. Increase to 31/43% allowed for home built post 1/2001,
Credit – Housing History (Investor Specific) VOR,Underwriting,YSCAP,Credit,Docs,yes,ExternalPrint,"NQMF ONLY   For Primary home, subject and depending on investor it may be other REO for DSCR. Also if reporting on the credit report must conditon for proof current through closing. ",Provide most recent 12 months rental housing history. Options: 1) Third Party VOR or Private Party VOR with 12 months cancelled checks to support ontime payments. (Must document that it has been paid through the month of closing.) Also provide current lease fully executed. 
VOR  -Verification of Rent,Underwriting,UW,Credit,Approval,yes,ExternalPrint | InternalPrint,Provide verification of rent history from landlord or property manager to evidence payment history for last 12 months has been satisfactory.,Provide verification of rent history from landlord or property manager to evidence payment history for last 12 months has been satisfactory.
Customer Identification,Underwriting,YSCAP,Miscellaneous,Funding,yes,ExternalPrint | InternalPrint, NOTE: Check 1003 to confirm type of ID required.,Notary/Closing Agent  to complete Customer Identification Form and provide legible copy of driver's license or other acceptable form of identification.
Rider – PPP,Underwriting,YSCAP,Miscellaneous,Funding,yes,ExternalPrint,,"Transaction has a Prepayment Penalty. Confirm we have the PPP Note and if PPP Rider is selected on the Mortgage, confirm we have the PPP Rider. (Add if shows PPP on lock screen floating or locked.)"
VA - Termite Inspection Report & Invoice,Underwriting,UW,Property,Approval,yes,ExternalPrint,,Provide a borrower signed clear termite inspection report and invoice dated within the last 90 days.
Sales Contract,Underwriting,YSCAP,Property,Docs,yes,ExternalPrint,,Fully executed sales contract including all addendums
Closing Doc Request,Underwriting,YSCAP,Miscellaneous,Funding,yes,InternalPrint,,Provide completed closing docs package.
Housing History through Closing VOM,Underwriting,YSCAP,Credit,Docs,yes,ExternalPrint,OakTree ONLY,"Provide proof all mortgages reporting on the credit report are paid current through closing with any of the following a credit supplement, Bank statement showing cleared, Mortgage statement or VOM."
Vesting – LLC / Corporation- Signature Block,Underwriting,YSCAP,Miscellaneous,Docs,yes,ExternalPrint,,Subject loan is closing in the name of an entity. The signature block is to appear as shown below:
Coop Budget,Underwriting,UW,Property,Approval,yes,ExternalPrint,,"Current Year Budget with Annual Income, Expenses and Cash Reserve Balance"
Large Deposit(s),Underwriting,UW,Assets,Approval,yes,ExternalPrint,,Provide documentation reflecting the source of the large deposit into (bank/last four digits of account#) for (amount) on (date). 
Pay Stub Loan(s) Letter of Explanation,Underwriting,UW,Credit,Approval,yes,ExternalPrint,,Written/Signed letter of explanation for any non 401(k) Loans on paystub
Letter of Explanation - Address Variations - ,Underwriting,UW,Credit,Approval,yes,ExternalPrint | InternalPrint,,"We'll need a signed and dated Letter of Explanation covering the following address reported on your credit and/or fraud report: AdressXXXXXXXXXX; Adressxxxxxxxxxxxxx. The letter must include your affiliation to these addresses. You can either provide the details for each address, and we’ll draft the letter for you ; or you may write and sign it yourself."
REO - ,Preliminary,Pre,Credit,Submittal,yes,ExternalPrint | InternalPrint,"confirm address, creditor, open balance","Please email the most recent monthly mortgage statements for each mortgaeg account showing on credit. I listed them below for easy reference - creditorxxxx - Account number: X6X93-8X79X2-56 - Approx monthly payment: $X3,6XX29 - Date opened: 0X/0X/20X20"
Request Gift Letter,Underwriting,UW,Assets,Approval,yes,InternalPrint,,
VA - Benefits,Underwriting,UW,Income,Approval,yes,ExternalPrint,,Provide a copy of the most recent VA income letter or distribution form for each borrower receiving VA benefits.
Customer Identification,Closing,CL,Miscellaneous,Closing,yes,ExternalPrint,,Complete Customer Identification Form and provide legible copy of driver's license or other acceptable form of identification
VA - Soil Treatment Guarantee,Underwriting,UW,Property,Approval,yes,ExternalPrint,,Provide evidence of soil treatment guarantee.
Child Care Letter,Underwriting,UW,Credit,Approval,yes,ExternalPrint,,Provide letter from child care provider to show amount of monthly child care
Payoff Letter - ,Underwriting,UW,Property,Approval,yes,ExternalPrint | InternalPrint,,For all existing Leins
Title Work,Underwriting,YSCAP,Miscellaneous,Docs,yes,ExternalPrint | InternalPrint,Receipt and review of required title work with a 24 month chain of title. Outstanding liens and exceptions to the final policy have all been addressed.,"Provide Title Report with a 24-month chain of title, CPL, E&O, Tax Cert, Estimated HUD with lender/title/closing agent fees, and Title Wire Instructions.
"
Proof Manufactured Home taxed as real estate,Underwriting,UW,Property,Approval,yes,ExternalPrint,,Proof Manufactured Home taxed as real estate
Retirement Statements,Underwriting,UW,Assets,Approval,yes,ExternalPrint,,"Provide the most recent depository or brokerage retirement account statements to verify assets required for down payment, closing costs, and/or reserves. If the funds will be used for down payment or closing costs, additional documentation may be required."
Tax Certificate,Underwriting,YSCAP,Miscellaneous,Docs,yes,ExternalPrint | InternalPrint,,"Provide Tax Certificate/Information sheet. If current tax bill is for vacant/unimproved loan, estimated account is required for proposed taxes. For properties with tax abatements, provide documentation of abatement details and expiration."
Rental Income Receipt,Underwriting,YSCAP,Income,Docs,yes,ExternalPrint,,"Provide proof ____ months of bank statements showing receipt of rental deposits.
"
Social Security Income,Underwriting,UW,Income,Approval,yes,ExternalPrint,,Provide a copy of most recent Social Security award letter for all borrowers receiving Social Security income. 
VA - Benefit Related Debt Letter,Underwriting,UW,Miscellaneous,Approval,yes,ExternalPrint | InternalPrint,Benefit Related Debt Letter To Be Completed By VA To Document Any Disability And Funding Fee Waivers,Benefit Related Debt Letter To Be Completed By VA To Document Any Disability And Funding Fee Waivers
Lease Agreement (Rent Primary),Underwriting,YSCAP,Income,Docs,yes,ExternalPrint,,"If the borrower is renting their primary home, we will require a fully executed lease agreement in addition to the VOR."
Termite Soil/Wood Treatment Guaranty,Underwriting,UW,Property,Closing,yes,ExternalPrint,,5 Year Termite Soil/Wood Treatment Guaranty
