Document type,Description
*Borrower Docs,To be used with Data & Doc Automation
1003 - URLA,
1st lein letter,
4506T Settlement Service,4506 Results
Ability To Repay Worksheet,
ACH Form,
Acknowledgement Of Receipt Of Closing Disclosure,
Acknowledgement Of Receipt Of Loan Estimate,
ACKNOWLEDGMENT OF RECEIPT OF APPRAISAL REPORT,
Addendum To Closing Disclosure,
Affiliated Business Arrangement Disclosure,Affiliated Business Disclosure
AKA Affidavit,AKA Affidavit
Amortization Schedule,"Amortization Schedule, Complete"
Anti-Steering Disclosure,Anti-Steering Safe Harbor Disclosure
Appraisal,
Appraisal Completion Report,442 Completion Certificate
Approval Letter,
ATR Document,
AVM,
Bailee Letter,
Bank Statement,
Bankruptcy Court Reaffirmation,
Bankruptcy Discharge Notice,
Bankruptcy Papers,
Bankruptcy Schedules,
Birth Certificate,
BORROWER BUSINESS PURPOSE DISCLOSURE AND CERTIFICATION,
Borrower Correspondence,
BUSINESS PURPOSE & OCCUPANCY AFFIDAVIT,
CA Privacy Policy Disclosure,
Certificate Of Completion Of Housing Counseling,
Certificate Of Occupancy,
Certificate Of Trust,
Certification Regarding Beneficial Owners of Legal Entity Customers,
Change of Circumstance,
Check,
Child Care Provider Certification,
Closing Disclosure,
Closing Disclosure (Alternate),
Closing Disclosure (Seller),
Closing Package,Completed Closing Package
Compliance Report,
Condominium Questionnaire Worksheet,
Construction Budget,Approved budget for the construction of the new home
Construction Contract,Signed contract between builder and borrower.
Construction Lien Waiver,
Construction Loan Agreement,
Construction Plans & Specs,Plans and specifications for the home to be built
Construction Underwriting Documents,
"Construction Water, Perc, Soil Tests",All required tests for pre-construction
Contact Information For Draws,
Convertible ARM Disclosure,
cover page,
Credit Analyzer Worksheet,For Use with Encompass Credit Analyzer
Credit Authorization,
Credit Explanation,
Credit Report,
Credit Supplement,Credit Supplement
Custom ARM Disclosure,
Data Audit Report,
Debt Consolidation Worksheet,
Delayed Financing,Delayed Financing Documents
Divorce Decree,
Document Checklist,
Document Preparation,
DPA Grant Letter,
EarlyCheck,
Electronic Verification Of Employment,Electronic Verification Of Employment
Employment Contract,
Engineer Certificate of Construction,
Entity documents,
Escrow Deposit Receipt,
Escrow Holdback,Escrow Holdback Agreement
Escrow Instructions,
Escrow/Closing,
Fair Lending Notice,
FHA Blanket Signature Authorization,
FHA Builder's Certification,
FHA Case Number Assignment,FHA Case Number Assignment
FHA Counseling Certification,
FHA Warranty Of Completion Of Construction,
Final Inspection,Final inspection from appaiser confirming construction is complete per plans and specifications
Final Title Policy,Final Title Policy
First Lien Letter,
First Payment Letter,
Flood Certificate,
Flood Insurance Agreement,
Flood Insurance Policy,
Flood Service,
FNMA Cash Flow Analysis,1084 Cash Flow Analysis
Fraud,
Fraud/Audit Services,
Gift Letter,Gift Letter/Source of Funds
Good Faith Estimate,
Government issued ID,
GUS Findings,
HAMP,
HAMP Modification Agreement,
Hardship Letter,
Hazard insurance & invoice,
HFA Government Loan Delivery Checklist,
Hold Harmless Agreement,
Home-Ownership Counseling Acknowledgement,
Homebuyer Education Certification,
Homeowner's Association Certificate,
Homestead Waiver,
HUD Approved Homeownership Counseling Org List,
HUD Settlement Cost Booklet,
HUD-314 203(k) Escrow Commitment,
HUD-54114 Direct Endorsement,
HUD-56001 Property Improvement,
HUD-92051 Inspection,
HUD-92700 203(k) Purchase Worksheet,
HUD-92700 203(k) Refinance Worksheet,
HUD-92700-A 203(k) Acknowledgement,
HUD-92900-LT FHA Loan Transmittal,
Identification,DL
Income Analyzer Worksheet,For Use with Encompass Income Analyzer
Insurance Policy Change Request,
Investment Statement,Investment Statement
Invoice,
Invoices,
IRS 1098,IRS 1098
IRS 1099,IRS 1099
IRS 4506C - Request for Transcript of Tax Return,
IRS W-2,W-2s - Last 2 years
Last Will And Testament,
LDP-GSA Checklist,
Lease Agreement,
Lender Submission,
Letter of Explanation,Letter of Explanation
Life Insurance,
Limited power of attorney,
LLC Documents,"Operating Agreement, Articles of Org, COG and EIN"
Loan Submission Sheet,
Lock Confirmation,
Map,
Marriage Certificate,
MERS Inquiry Results,
Miscellaneous,
Mortgage Insurance,
Mortgage Loan Commitment,
Mortgage Loan Origination Agreement,
Net Tangible Benefit,R&T NTB Form
NMLS Verification,
Non-Convertible ARM Disclosure,
Notary Page,
Notary Public's Journal,
Note & Deed for Subordinate Lien,
Occupancy Certification,Certificate of Occupancy for completed home
Payment History,
Payoff Statement,Payoff Statements
Paystub,Paystubs
Pension Award Letter,Pension Award Letter
Personal Identification,
Pest Inspection,Termite/Pest Inspection
Power Of Attorney,
Pre-Approval Letter,
Pre-Payment Penalty Rider,Pre-Payment Penalty Rider signed at closing
Pre-Qualification Letter,
Preliminary Title Commitment,Preliminary Title Report/CC&R's
Prequalification,
Price Table - Buy Side,
Price Table - Lock Request,
Price Table - Sell Side,
Privacy Policy,
Product and Pricing,
Profit and Loss Statement,P&L/Balance Sheet
Property Insurance Policy,Homeowner's Insurance Policy
Property Tax Bill,Property Tax Bill
Purchase Agreement,Purchase/Sales Contract
Quit Claim Deed,
RCE,RCE
Recycle,
Rental Agreement,
Request for Evidence of Flood Insurance,
Request for Evidence of Hazard Insurance,
Reservation Accepted,
Resident Alien Card,
Retirement Statement,Retirement Statement
Reverification Letter,
Rider to Note,
Septic System Certificate,
Signed Term Sheet,
Social Security Award Letter,Social Security Award Letter
Social Security Card,
SSA 1099,SSA 1099
Statement of Credit Denial,Statement of Denial
Subject - Mortgage Statement,Subject property mortgage statement 
Subordination Agreement,
Substitution Of Trustee,
Supplemental Tax Bill,
Survey,
Survey Affidavit,
Survey Request,
Tax Certificate,Tax Certificate
Tax Reproration,
Tax Returns,Tax Returns w/ Schedules - 2 Years
Title Affidavit,Affidavit of Title
Title commitment,
Title Report,
Trust Account,
Trust Agreement,
Underwriting,
Underwriting Transmittal,1008 - Transmittal Summary
USDA Conditional Commitment,
USDA Felony Convictions And Tax Delinquent Status,
USPS Address Verification,
Utility Bill / Proof of Address,Utility Bill to support proof of address
VA 26-0286 Loan Summary,
VA 26-1805 Reasonable Value,
VA 26-1820 Loan Disbursement,
VA Amendment To Contract,
VA Benefit Letter,For use with DDA Income Analyzer when VA Benefits are present.
VA Certificate Of Eligibility,For use with DDA Income Analyzer when VA Benefits are present.
VA Certificate Of Reasonable Value,VA 26-1843 Cert of Reasonable Value
VA Interest Rate Reduction Refinancing Loan Worksheet,VA 26-8923 Rate Reduction Worksheet
VA Loan Analysis,VA 26-6393 Loan Analysis
Verbal Verification Of Payoff,Verbal Verification Of Payoff
Verification Of Employment,Verification Of Employment
Verification Of Mortgage Or Rent,Verification Of Mortgage Or Rent
Verifications,Electronic Verification of Employment Service for Income Analyzer
Warehouse CPL,
Warehouse credit report,
Warehouse Final appraisal,
Warehouse final CTC,
Warehouse Rate Lock,
Warehouse title Wiring Instructions,
Wiring Instructions,
Your Home Loan Toolkit,
